,ds,trend,yhat_lower,yhat_upper,trend_lower,trend_upper,additive_terms,additive_terms_lower,additive_terms_upper,daily,daily_lower,daily_upper,multiplicative_terms,multiplicative_terms_lower,multiplicative_terms_upper,yhat
0,2016-03-12 00:00:00,39.629076,1.947863322597223,105.63272480559996,39.629076,39.629076,12.998331910137368,12.998331910137368,12.998331910137368,12.998331910137368,12.998331910137368,12.998331910137368,0.0,0.0,0.0,52.627407910137364
1,2016-03-12 01:00:00,39.95717438493723,-17.62909538014743,82.84642013170367,39.95717438493723,39.95717438493723,-9.012066618144456,-9.012066618144456,-9.012066618144456,-9.012066618144456,-9.012066618144456,-9.012066618144456,0.0,0.0,0.0,30.945107766792777
2,2016-03-12 02:00:00,40.285272769874474,-39.26149520097276,60.46718716901745,40.285272769874474,40.285272769874474,-29.249034275663437,-29.249034275663437,-29.249034275663437,-29.249034275663437,-29.249034275663437,-29.249034275663437,0.0,0.0,0.0,11.036238494211037
3,2016-03-12 03:00:00,40.61337115481171,-56.26005258395776,52.0435693165919,40.61337115481171,40.61337115481171,-41.40210337455155,-41.40210337455155,-41.40210337455155,-41.40210337455155,-41.40210337455155,-41.40210337455155,0.0,0.0,0.0,-0.7887322197398419
4,2016-03-12 05:00:00,41.26956792468619,-46.17588253355814,57.485982228758594,41.26956792468619,41.26956792468619,-39.296812419695165,-39.296812419695165,-39.296812419695165,-39.296812419695165,-39.296812419695165,-39.296812419695165,0.0,0.0,0.0,1.972755504991028
5,2016-03-12 06:00:00,41.59766630962343,-39.897515534196195,60.37451245113895,41.59766630962343,41.59766630962343,-29.4090369901991,-29.4090369901991,-29.4090369901991,-29.4090369901991,-29.4090369901991,-29.4090369901991,0.0,0.0,0.0,12.18862931942433
6,2016-03-12 07:00:00,41.92576469456067,-26.49764288590264,80.57813914157195,41.92576469456067,41.92576469456067,-15.78295390366917,-15.78295390366917,-15.78295390366917,-15.78295390366917,-15.78295390366917,-15.78295390366917,0.0,0.0,0.0,26.1428107908915
7,2016-03-12 08:00:00,42.253863079497904,-10.958759740407286,91.36246208884465,42.253863079497904,42.253863079497904,-0.10755468453411426,-0.10755468453411426,-0.10755468453411426,-0.10755468453411426,-0.10755468453411426,-0.10755468453411426,0.0,0.0,0.0,42.14630839496379
8,2016-03-12 09:00:00,42.58196147102927,4.618945598061874,110.28139890242979,42.58196147102927,42.58196147102927,14.071626115511856,14.071626115511856,14.071626115511856,14.071626115511856,14.071626115511856,14.071626115511856,0.0,0.0,0.0,56.65358758654112
9,2016-03-12 10:00:00,42.91005986256063,13.367162885971345,112.50447349377308,42.91005986256063,42.91005986256063,22.220616966514044,22.220616966514044,22.220616966514044,22.220616966514044,22.220616966514044,22.220616966514044,0.0,0.0,0.0,65.13067682907467
10,2016-03-12 11:00:00,43.23815825409199,13.065141739116994,115.543505578992,43.23815825409199,43.23815825409199,21.93255850644434,21.93255850644434,21.93255850644434,21.93255850644434,21.93255850644434,21.93255850644434,0.0,0.0,0.0,65.17071676053634
11,2016-03-12 12:00:00,43.566256645623355,6.988602667437896,109.63501524635363,43.566256645623355,43.566256645623355,15.276195110215381,15.276195110215381,15.276195110215381,15.276195110215381,15.276195110215381,15.276195110215381,0.0,0.0,0.0,58.84245175583874
12,2016-03-12 13:00:00,43.89435503715472,-0.8337424562057317,104.20736915283445,43.89435503715472,43.89435503715472,7.629751665960722,7.629751665960722,7.629751665960722,7.629751665960722,7.629751665960722,7.629751665960722,0.0,0.0,0.0,51.524106703115436
13,2016-03-12 14:00:00,44.22245342868607,-0.41107113513278687,101.21297781023792,44.22245342868607,44.22245342868607,3.5861670977460225,3.5861670977460225,3.5861670977460225,3.5861670977460225,3.5861670977460225,3.5861670977460225,0.0,0.0,0.0,47.808620526432094
14,2016-03-12 15:00:00,44.550551820217436,-0.8299680732069511,101.44900221644946,44.550551820217436,44.550551820217436,3.584807154769256,3.584807154769256,3.584807154769256,3.584807154769256,3.584807154769256,3.584807154769256,0.0,0.0,0.0,48.135358974986694
15,2016-03-12 16:00:00,44.878650211748806,-2.3833780410956478,100.26772716647815,44.878650211748806,44.878650211748806,4.481654573539639,4.481654573539639,4.481654573539639,4.481654573539639,4.481654573539639,4.481654573539639,0.0,0.0,0.0,49.36030478528844
16,2016-03-12 17:00:00,45.20674860339796,-7.1229563410760095,100.0138380334339,45.20674860339796,45.20674860339796,3.5281211909167363,3.5281211909167363,3.5281211909167363,3.5281211909167363,3.5281211909167363,3.5281211909167363,0.0,0.0,0.0,48.7348697943147
17,2016-03-12 18:00:00,45.534846995047126,-2.208480568300527,100.57404385293508,45.534846995047126,45.534846995047126,1.800800010028424,1.800800010028424,1.800800010028424,1.800800010028424,1.800800010028424,1.800800010028424,0.0,0.0,0.0,47.33564700507555
18,2016-03-12 19:00:00,45.862945386696296,-5.1514015745613655,101.69619893727706,45.862945386696296,45.862945386696296,3.488896894773046,3.488896894773046,3.488896894773046,3.488896894773046,3.488896894773046,3.488896894773046,0.0,0.0,0.0,49.351842281469345
19,2016-03-12 20:00:00,46.19104377834546,7.654837510306911,107.4571538171374,46.19104377834546,46.19104377834546,11.427759861506498,11.427759861506498,11.427759861506498,11.427759861506498,11.427759861506498,11.427759861506498,0.0,0.0,0.0,57.61880363985196
20,2016-03-12 21:00:00,46.51914216999462,17.317850807469195,116.74759520082752,46.51914216999462,46.51914216999462,23.079380063769797,23.079380063769797,23.079380063769797,23.079380063769797,23.079380063769797,23.079380063769797,0.0,0.0,0.0,69.59852223376441
21,2016-03-12 22:00:00,46.84724056164379,29.496421681254343,133.38122379927006,46.84724056164379,46.84724056164379,31.050487192685146,31.050487192685146,31.050487192685146,31.050487192685146,31.050487192685146,31.050487192685146,0.0,0.0,0.0,77.89772775432894
22,2016-03-12 23:00:00,47.17533895329295,23.632170127623738,128.20461714344208,47.17533895329295,47.17533895329295,28.178794723108997,28.178794723108997,28.178794723108997,28.178794723108997,28.178794723108997,28.178794723108997,0.0,0.0,0.0,75.35413367640194
23,2016-03-13 00:00:00,47.50343734665326,9.139147649793378,112.76804747111059,47.50343734665326,47.50343734665326,12.998331909885737,12.998331909885737,12.998331909885737,12.998331909885737,12.998331909885737,12.998331909885737,0.0,0.0,0.0,60.50176925653899
24,2016-03-13 01:00:00,47.831535740013564,-12.020289572533672,89.55380606104109,47.831535740013564,47.831535740013564,-9.012066617262239,-9.012066617262239,-9.012066617262239,-9.012066617262239,-9.012066617262239,-9.012066617262239,0.0,0.0,0.0,38.81946912275133
25,2016-03-13 02:00:00,48.15963413337387,-32.484013903982394,70.35932191186606,48.15963413337387,48.15963413337387,-29.249034275687297,-29.249034275687297,-29.249034275687297,-29.249034275687297,-29.249034275687297,-29.249034275687297,0.0,0.0,0.0,18.910599857686574
26,2016-03-13 03:00:00,48.48773252673417,-42.8557272871208,60.85620809451245,48.48773252673417,48.48773252673417,-41.40210337471236,-41.40210337471236,-41.40210337471236,-41.40210337471236,-41.40210337471236,-41.40210337471236,0.0,0.0,0.0,7.085629152021809
27,2016-03-13 04:00:00,48.815830920094484,-47.31547014261822,55.26798644138206,48.815830920094484,48.815830920094484,-44.07638677172209,-44.07638677172209,-44.07638677172209,-44.07638677172209,-44.07638677172209,-44.07638677172209,0.0,0.0,0.0,4.739444148372392
28,2016-03-13 05:00:00,49.14392931345479,-41.80502439068083,65.3826160489349,49.14392931345479,49.14392931345479,-39.296812419492284,-39.296812419492284,-39.296812419492284,-39.296812419492284,-39.296812419492284,-39.296812419492284,0.0,0.0,0.0,9.847116893962507
29,2016-03-13 06:00:00,49.47202770681509,-32.49012502227934,69.97658002849991,49.47202770681509,49.47202770681509,-29.40903698991877,-29.40903698991877,-29.40903698991877,-29.40903698991877,-29.40903698991877,-29.40903698991877,0.0,0.0,0.0,20.06299071689632
30,2016-03-13 07:00:00,49.80012610017541,-20.352800929701175,82.23599936726677,49.80012610017541,49.80012610017541,-15.782953903546808,-15.782953903546808,-15.782953903546808,-15.782953903546808,-15.782953903546808,-15.782953903546808,0.0,0.0,0.0,34.01717219662861
31,2016-03-13 08:00:00,50.12822448998137,-0.20365782631182877,100.68932859731692,50.12822448998137,50.12822448998137,-0.10755468420057186,-0.10755468420057186,-0.10755468420057186,-0.10755468420057186,-0.10755468420057186,-0.10755468420057186,0.0,0.0,0.0,50.0206698057808
32,2016-03-13 09:00:00,50.45632287978735,13.558635830275945,113.68198186984884,50.45632287978735,50.45632287978735,14.071626115939138,14.071626115939138,14.071626115939138,14.071626115939138,14.071626115939138,14.071626115939138,0.0,0.0,0.0,64.52794899572649
33,2016-03-13 10:00:00,50.784421269593324,23.333336644192126,124.90285119479555,50.784421269593324,50.784421269593324,22.220616966495275,22.220616966495275,22.220616966495275,22.220616966495275,22.220616966495275,22.220616966495275,0.0,0.0,0.0,73.0050382360886
34,2016-03-13 11:00:00,51.1125196593993,23.019893895384108,125.16410965916472,51.1125196593993,51.1125196593993,21.932558506333734,21.932558506333734,21.932558506333734,21.932558506333734,21.932558506333734,21.932558506333734,0.0,0.0,0.0,73.04507816573303
35,2016-03-13 12:00:00,51.44061804920528,13.89239592397391,115.28883671527325,51.44061804920528,51.44061804920528,15.276195110107112,15.276195110107112,15.276195110107112,15.276195110107112,15.276195110107112,15.276195110107112,0.0,0.0,0.0,66.7168131593124
36,2016-03-13 13:00:00,51.76871643901124,9.435508661630921,110.37093411547748,51.76871643901124,51.76871643901124,7.629751665934404,7.629751665934404,7.629751665934404,7.629751665934404,7.629751665934404,7.629751665934404,0.0,0.0,0.0,59.39846810494565
37,2016-03-13 14:00:00,52.096814828817216,0.05892820612979985,111.30910055315567,52.096814828817216,52.096814828817216,3.5861670974652933,3.5861670974652933,3.5861670974652933,3.5861670974652933,3.5861670974652933,3.5861670974652933,0.0,0.0,0.0,55.68298192628251
38,2016-03-13 15:00:00,52.424913196462754,2.7007396673029236,110.13887971334943,52.424913196462754,52.424913196462754,3.5848071546622937,3.5848071546622937,3.5848071546622937,3.5848071546622937,3.5848071546622937,3.5848071546622937,0.0,0.0,0.0,56.00972035112505
39,2016-03-13 16:00:00,52.753011564108284,7.351497154481724,108.80425467032897,52.753011564108284,52.753011564108284,4.481654573618521,4.481654573618521,4.481654573618521,4.481654573618521,4.481654573618521,4.481654573618521,0.0,0.0,0.0,57.234666137726805
40,2016-03-13 17:00:00,53.08110993175382,3.8628575430864713,108.26466585800429,53.08110993175382,53.08110993175382,3.5281211908082497,3.5281211908082497,3.5281211908082497,3.5281211908082497,3.5281211908082497,3.5281211908082497,0.0,0.0,0.0,56.60923112256207
41,2016-03-13 18:00:00,53.40920829939936,4.589637679720939,108.33738189947044,53.40920829939936,53.40920829939936,1.8008000099312829,1.8008000099312829,1.8008000099312829,1.8008000099312829,1.8008000099312829,1.8008000099312829,0.0,0.0,0.0,55.21000830933064
42,2016-03-13 19:00:00,53.73730666704489,2.6776668978419016,106.20864307981552,53.73730666704489,53.73730666704489,3.488896894808751,3.488896894808751,3.488896894808751,3.488896894808751,3.488896894808751,3.488896894808751,0.0,0.0,0.0,57.226203561853644
43,2016-03-13 20:00:00,54.06540503469043,13.36276232216374,116.25795977946905,54.06540503469043,54.06540503469043,11.427759861086066,11.427759861086066,11.427759861086066,11.427759861086066,11.427759861086066,11.427759861086066,0.0,0.0,0.0,65.49316489577649
44,2016-03-13 21:00:00,54.393503402335966,29.33490129481333,131.70234278735103,54.393503402335966,54.393503402335966,23.079380063721793,23.079380063721793,23.079380063721793,23.079380063721793,23.079380063721793,23.079380063721793,0.0,0.0,0.0,77.47288346605777
45,2016-03-13 22:00:00,54.721601769981504,35.870003138334496,140.27913237624185,54.721601769981504,54.721601769981504,31.05048719248826,31.05048719248826,31.05048719248826,31.05048719248826,31.05048719248826,31.05048719248826,0.0,0.0,0.0,85.77208896246977
46,2016-03-13 23:00:00,55.049700142108314,37.34902975033743,133.27889878894308,55.049700142108314,55.049700142108314,28.17879472364438,28.17879472364438,28.17879472364438,28.17879472364438,28.17879472364438,28.17879472364438,0.0,0.0,0.0,83.2284948657527
47,2016-03-14 00:00:00,55.37779851423511,18.81488212708184,120.20135531895684,55.37779851423511,55.37779851423511,12.998331910565982,12.998331910565982,12.998331910565982,12.998331910565982,12.998331910565982,12.998331910565982,0.0,0.0,0.0,68.37613042480109
48,2016-03-14 01:00:00,55.70589688636191,-2.9491598928487086,98.23726638087282,55.70589688636191,55.70589688636191,-9.01206661770961,-9.01206661770961,-9.01206661770961,-9.01206661770961,-9.01206661770961,-9.01206661770961,0.0,0.0,0.0,46.693830268652306
49,2016-03-14 02:00:00,56.03399525848871,-19.355818481502507,79.60312860584726,56.03399525848871,56.03399525848871,-29.249034275364462,-29.249034275364462,-29.249034275364462,-29.249034275364462,-29.249034275364462,-29.249034275364462,0.0,0.0,0.0,26.784960983124247
50,2016-03-14 03:00:00,56.36209363061552,-34.22222771371974,66.05099134074483,56.36209363061552,56.36209363061552,-41.40210337459478,-41.40210337459478,-41.40210337459478,-41.40210337459478,-41.40210337459478,-41.40210337459478,0.0,0.0,0.0,14.959990256020738
51,2016-03-14 04:00:00,56.69019200274232,-37.132112201176845,66.1538558812777,56.69019200274232,56.69019200274232,-44.0763867717812,-44.0763867717812,-44.0763867717812,-44.0763867717812,-44.0763867717812,-44.0763867717812,0.0,0.0,0.0,12.61380523096112
52,2016-03-14 05:00:00,57.01829037486912,-33.556921011490005,70.36856044705063,57.01829037486912,57.01829037486912,-39.29681241959946,-39.29681241959946,-39.29681241959946,-39.29681241959946,-39.29681241959946,-39.29681241959946,0.0,0.0,0.0,17.721477955269656
53,2016-03-14 06:00:00,57.34634773102354,-22.863266786128747,77.72569961176417,57.34634773102354,57.34634773102354,-29.409036990386426,-29.409036990386426,-29.409036990386426,-29.409036990386426,-29.409036990386426,-29.409036990386426,0.0,0.0,0.0,27.937310740637116
54,2016-03-14 07:00:00,57.67440508717795,-12.005482116269887,91.70622962898526,57.67440508717795,57.67440508717795,-15.782953903970148,-15.782953903970148,-15.782953903970148,-15.782953903970148,-15.782953903970148,-15.782953903970148,0.0,0.0,0.0,41.891451183207806
55,2016-03-14 08:00:00,58.00246244333237,4.144094100154168,108.36017226090351,58.00246244333237,58.00246244333237,-0.10755468396844757,-0.10755468396844757,-0.10755468396844757,-0.10755468396844757,-0.10755468396844757,-0.10755468396844757,0.0,0.0,0.0,57.894907759363925
56,2016-03-14 09:00:00,58.33051979948679,20.80971699342697,122.88781579737218,58.33051979948679,58.33051979948679,14.071626116056366,14.071626116056366,14.071626116056366,14.071626116056366,14.071626116056366,14.071626116056366,0.0,0.0,0.0,72.40214591554316
57,2016-03-14 10:00:00,58.658577155641204,28.18674601224924,133.04427579865447,58.658577155641204,58.658577155641204,22.220616966001973,22.220616966001973,22.220616966001973,22.220616966001973,22.220616966001973,22.220616966001973,0.0,0.0,0.0,80.87919412164318
58,2016-03-14 11:00:00,58.986634511795614,29.28022309923753,132.48447929040648,58.986634511795614,58.986634511795614,21.93255850638975,21.93255850638975,21.93255850638975,21.93255850638975,21.93255850638975,21.93255850638975,0.0,0.0,0.0,80.91919301818537
59,2016-03-14 12:00:00,59.31469186795004,22.518846432683716,126.8089201448088,59.31469186795004,59.31469186795004,15.276195109897413,15.276195109897413,15.276195109897413,15.276195109897413,15.276195109897413,15.276195109897413,0.0,0.0,0.0,74.59088697784745
60,2016-03-14 13:00:00,59.64274922410445,17.666916420299714,116.0039953355546,59.64274922410445,59.64274922410445,7.629751666182077,7.629751666182077,7.629751666182077,7.629751666182077,7.629751666182077,7.629751666182077,0.0,0.0,0.0,67.27250089028652
61,2016-03-14 14:00:00,59.97080617022996,9.522623273975114,115.85875454285855,59.97080617022996,59.97080617022996,3.5861670975216295,3.5861670975216295,3.5861670975216295,3.5861670975216295,3.5861670975216295,3.5861670975216295,0.0,0.0,0.0,63.556973267751594
62,2016-03-14 15:00:00,60.298863116355484,15.403504052480555,114.7763414753444,60.298863116355484,60.298863116355484,3.5848071547219607,3.5848071547219607,3.5848071547219607,3.5848071547219607,3.5848071547219607,3.5848071547219607,0.0,0.0,0.0,63.88367027107744
63,2016-03-14 16:00:00,60.62692006248099,13.818067084571528,119.1348028373161,60.62692006248099,60.62692006248099,4.481654573595976,4.481654573595976,4.481654573595976,4.481654573595976,4.481654573595976,4.481654573595976,0.0,0.0,0.0,65.10857463607697
64,2016-03-14 17:00:00,60.954977008606505,10.262409459321674,114.13021871932806,60.954977008606505,60.954977008606505,3.528121191009831,3.528121191009831,3.528121191009831,3.528121191009831,3.528121191009831,3.528121191009831,0.0,0.0,0.0,64.48309819961634
65,2016-03-14 18:00:00,61.283033954732026,12.989771568162178,110.70960544448464,61.283033954732026,61.283033954732026,1.8008000101712112,1.8008000101712112,1.8008000101712112,1.8008000101712112,1.8008000101712112,1.8008000101712112,0.0,0.0,0.0,63.083833964903235
66,2016-03-14 19:00:00,61.61109090085753,13.864070845638935,112.5905778209735,61.61109090085753,61.61109090085753,3.4888968950110755,3.4888968950110755,3.4888968950110755,3.4888968950110755,3.4888968950110755,3.4888968950110755,0.0,0.0,0.0,65.09998779586861
67,2016-03-14 20:00:00,61.93914784698305,20.08594411820268,123.02008333360142,61.93914784698305,61.93914784698305,11.427759861287678,11.427759861287678,11.427759861287678,11.427759861287678,11.427759861287678,11.427759861287678,0.0,0.0,0.0,73.36690770827073
68,2016-03-14 21:00:00,62.180403083485125,36.23488541150534,137.31714764987677,62.180403083485125,62.180403083485125,23.079380063983848,23.079380063983848,23.079380063983848,23.079380063983848,23.079380063983848,23.079380063983848,0.0,0.0,0.0,85.25978314746897
69,2016-03-14 22:00:00,62.4216583199872,39.18024158603199,147.8605469943784,62.4216583199872,62.4216583199872,31.050487192628424,31.050487192628424,31.050487192628424,31.050487192628424,31.050487192628424,31.050487192628424,0.0,0.0,0.0,93.47214551261563
70,2016-03-14 23:00:00,62.66291355648929,39.82174070170273,143.67764515123292,62.66291355648929,62.66291355648929,28.17879472353144,28.17879472353144,28.17879472353144,28.17879472353144,28.17879472353144,28.17879472353144,0.0,0.0,0.0,90.84170828002073
71,2016-03-15 00:00:00,62.90416879299137,28.32144562949195,126.05970614928013,62.90416879299137,62.90416879299137,12.99833191031435,12.99833191031435,12.99833191031435,12.99833191031435,12.99833191031435,12.99833191031435,0.0,0.0,0.0,75.90250070330572
72,2016-03-15 01:00:00,63.14542402949346,3.6012875150591714,109.04520705315394,63.14542402949346,63.14542402949346,-9.012066617846916,-9.012066617846916,-9.012066617846916,-9.012066617846916,-9.012066617846916,-9.012066617846916,0.0,0.0,0.0,54.13335741164654
73,2016-03-15 02:00:00,63.38667926599554,-15.924424784402026,82.90640001853093,63.38667926599554,63.38667926599554,-29.24903427538831,-29.24903427538831,-29.24903427538831,-29.24903427538831,-29.24903427538831,-29.24903427538831,0.0,0.0,0.0,34.13764499060723
74,2016-03-15 03:00:00,63.62793450249761,-26.14337638916324,72.0869391017513,63.62793450249761,63.62793450249761,-41.40210337458896,-41.40210337458896,-41.40210337458896,-41.40210337458896,-41.40210337458896,-41.40210337458896,0.0,0.0,0.0,22.22583112790865
75,2016-03-15 04:00:00,63.68118189799551,-27.019492256626055,72.78299185382517,63.68118189799551,63.68118189799551,-44.076386771731066,-44.076386771731066,-44.076386771731066,-44.076386771731066,-44.076386771731066,-44.076386771731066,0.0,0.0,0.0,19.60479512626444
76,2016-03-15 05:00:00,63.734429293493406,-24.413480220771845,73.69688614348715,63.734429293493406,63.734429293493406,-39.296812419588434,-39.296812419588434,-39.296812419588434,-39.296812419588434,-39.296812419588434,-39.296812419588434,0.0,0.0,0.0,24.43761687390497
77,2016-03-15 06:00:00,63.787676688991304,-16.870725596420943,85.04547388767652,63.787676688991304,63.787676688991304,-29.409036990106106,-29.409036990106106,-29.409036990106106,-29.409036990106106,-29.409036990106106,-29.409036990106106,0.0,0.0,0.0,34.378639698885195
78,2016-03-15 07:00:00,63.8409240844892,-5.485234219835091,100.3108128660479,63.8409240844892,63.8409240844892,-15.782953903681163,-15.782953903681163,-15.782953903681163,-15.782953903681163,-15.782953903681163,-15.782953903681163,0.0,0.0,0.0,48.05797018080804
79,2016-03-15 08:00:00,63.8941714799871,12.3017090417829,113.78638804655297,63.8941714799871,63.8941714799871,-0.1075546845826125,-0.1075546845826125,-0.1075546845826125,-0.1075546845826125,-0.1075546845826125,-0.1075546845826125,0.0,0.0,0.0,63.78661679540449
80,2016-03-15 09:00:00,63.947418875485,26.691897988535672,128.0881037078619,63.947418875485,63.947418875485,14.071626115591842,14.071626115591842,14.071626115591842,14.071626115591842,14.071626115591842,14.071626115591842,0.0,0.0,0.0,78.01904499107684
81,2016-03-15 10:00:00,64.0006662709829,31.317670979348584,134.2040591220134,64.0006662709829,64.0006662709829,22.220616966320275,22.220616966320275,22.220616966320275,22.220616966320275,22.220616966320275,22.220616966320275,0.0,0.0,0.0,86.22128323730318
82,2016-03-15 11:00:00,64.05391366648081,31.88950439698656,137.35077841940392,64.05391366648081,64.05391366648081,21.9325585063876,21.9325585063876,21.9325585063876,21.9325585063876,21.9325585063876,21.9325585063876,0.0,0.0,0.0,85.98647217286842
83,2016-03-15 12:00:00,63.86594174817117,27.512442393230142,131.65552533615926,63.86594174817117,63.86594174817117,15.276195110317584,15.276195110317584,15.276195110317584,15.276195110317584,15.276195110317584,15.276195110317584,0.0,0.0,0.0,79.14213685848875
84,2016-03-15 13:00:00,63.67796982986154,20.351134861419567,123.28754587207064,63.67796982986154,63.67796982986154,7.6297516661557605,7.6297516661557605,7.6297516661557605,7.6297516661557605,7.6297516661557605,7.6297516661557605,0.0,0.0,0.0,71.3077214960173
85,2016-03-15 14:00:00,63.4899979115519,18.604950700388788,120.72695326056291,63.4899979115519,63.4899979115519,3.586167097240897,3.586167097240897,3.586167097240897,3.586167097240897,3.586167097240897,3.586167097240897,0.0,0.0,0.0,67.0761650087928
86,2016-03-15 15:00:00,63.30202599324227,14.855044740667084,116.69379250729315,63.30202599324227,63.30202599324227,3.584807154679001,3.584807154679001,3.584807154679001,3.584807154679001,3.584807154679001,3.584807154679001,0.0,0.0,0.0,66.88683314792127
87,2016-03-15 16:00:00,63.11405407493264,9.224332544958603,118.27778807082501,63.11405407493264,63.11405407493264,4.4816545735892666,4.4816545735892666,4.4816545735892666,4.4816545735892666,4.4816545735892666,4.4816545735892666,0.0,0.0,0.0,67.5957086485219
88,2016-03-15 17:00:00,62.92608215662301,11.540371605152808,117.23584104864622,62.92608215662301,62.92608215662301,3.528121190901348,3.528121190901348,3.528121190901348,3.528121190901348,3.528121190901348,3.528121190901348,0.0,0.0,0.0,66.45420334752436
89,2016-03-15 18:00:00,62.73811023831336,16.859021169279877,116.26480614543618,62.73811023831336,62.73811023831336,1.800800009864847,1.800800009864847,1.800800009864847,1.800800009864847,1.800800009864847,1.800800009864847,0.0,0.0,0.0,64.53891024817821
90,2016-03-15 19:00:00,62.372780202848915,15.745166494200415,113.44524189247436,62.372780202848915,62.372780202848915,3.4888968946599297,3.4888968946599297,3.4888968946599297,3.4888968946599297,3.4888968946599297,3.4888968946599297,0.0,0.0,0.0,65.86167709750885
91,2016-03-15 20:00:00,62.00745016738447,21.44306220130743,125.0706992559954,62.00745016738447,62.00745016738447,11.427759861489296,11.427759861489296,11.427759861489296,11.427759861489296,11.427759861489296,11.427759861489296,0.0,0.0,0.0,73.43521002887377
92,2016-03-15 21:00:00,61.64212013192003,33.55136228908751,138.87919603827882,61.64212013192003,61.64212013192003,23.07938006393585,23.07938006393585,23.07938006393585,23.07938006393585,23.07938006393585,23.07938006393585,0.0,0.0,0.0,84.72150019585588
93,2016-03-15 22:00:00,61.27679009645557,41.00736386777741,145.16520915722793,61.27679009645557,61.27679009645557,31.050487192495073,31.050487192495073,31.050487192495073,31.050487192495073,31.050487192495073,31.050487192495073,0.0,0.0,0.0,92.32727728895064
94,2016-03-15 23:00:00,60.91146006099113,42.28722705363351,141.67653187227484,60.91146006099113,60.91146006099113,28.178794723251876,28.178794723251876,28.178794723251876,28.178794723251876,28.178794723251876,28.178794723251876,0.0,0.0,0.0,89.090254784243
95,2016-03-16 00:00:00,60.5461300255267,16.496466513947052,126.52192145174581,60.5461300255267,60.5461300255267,12.99833190996129,12.99833190996129,12.99833190996129,12.99833190996129,12.99833190996129,12.99833190996129,0.0,0.0,0.0,73.54446193548799
96,2016-03-16 01:00:00,60.18079999006224,1.9146240692882384,102.53240304456193,60.18079999006224,60.18079999006224,-9.012066618294286,-9.012066618294286,-9.012066618294286,-9.012066618294286,-9.012066618294286,-9.012066618294286,0.0,0.0,0.0,51.168733371767956
97,2016-03-16 02:00:00,59.815469954597816,-21.085933277949973,81.54890006653069,59.815469954597816,59.815469954597816,-29.249034275749235,-29.249034275749235,-29.249034275749235,-29.249034275749235,-29.249034275749235,-29.249034275749235,0.0,0.0,0.0,30.56643567884858
98,2016-03-16 03:00:00,59.450139357705254,-36.24010230692398,66.62215954840728,59.450139357705254,59.450139357705254,-41.402103374749764,-41.402103374749764,-41.402103374749764,-41.402103374749764,-41.402103374749764,-41.402103374749764,0.0,0.0,0.0,18.04803598295549
99,2016-03-16 05:00:00,58.71947816392012,-28.34502376567257,73.58976777765567,58.71947816392012,58.71947816392012,-39.29681241969561,-39.29681241969561,-39.29681241969561,-39.29681241969561,-39.29681241969561,-39.29681241969561,0.0,0.0,0.0,19.42266574422451
100,2016-03-16 06:00:00,58.354147567027574,-20.87725612984803,83.23663122143131,58.354147567027574,58.354147567027574,-29.409036990162853,-29.409036990162853,-29.409036990162853,-29.409036990162853,-29.409036990162853,-29.409036990162853,0.0,0.0,0.0,28.94511057686472
101,2016-03-16 07:00:00,57.988816970135,-11.83284547450253,95.26631510377426,57.988816970135,57.988816970135,-15.782953903558798,-15.782953903558798,-15.782953903558798,-15.782953903558798,-15.782953903558798,-15.782953903558798,0.0,0.0,0.0,42.2058630665762
102,2016-03-16 08:00:00,57.62348637324244,4.224146014895866,107.71724997852826,57.62348637324244,57.62348637324244,-0.10755468435049334,-0.10755468435049334,-0.10755468435049334,-0.10755468435049334,-0.10755468435049334,-0.10755468435049334,0.0,0.0,0.0,57.515931688891946
103,2016-03-16 09:00:00,57.25815577634988,21.29558231797473,119.61981206819637,57.25815577634988,57.25815577634988,14.071626115709071,14.071626115709071,14.071626115709071,14.071626115709071,14.071626115709071,14.071626115709071,0.0,0.0,0.0,71.32978189205895
104,2016-03-16 10:00:00,56.89282517945732,28.611522317923697,132.4074811840471,56.89282517945732,56.89282517945732,22.2206169663015,22.2206169663015,22.2206169663015,22.2206169663015,22.2206169663015,22.2206169663015,0.0,0.0,0.0,79.11344214575882
105,2016-03-16 11:00:00,56.52749457786586,25.961010027308284,128.72218720359876,56.52749457786586,56.52749457786586,21.932558506443613,21.932558506443613,21.932558506443613,21.932558506443613,21.932558506443613,21.932558506443613,0.0,0.0,0.0,78.46005308430946
106,2016-03-16 12:00:00,56.16216397627439,20.120498530451773,122.91816828347187,56.16216397627439,56.16216397627439,15.276195110107885,15.276195110107885,15.276195110107885,15.276195110107885,15.276195110107885,15.276195110107885,0.0,0.0,0.0,71.43835908638228
107,2016-03-16 13:00:00,55.79683337468294,8.25940986215894,114.02621891462847,55.79683337468294,55.79683337468294,7.62975166581938,7.62975166581938,7.62975166581938,7.62975166581938,7.62975166581938,7.62975166581938,0.0,0.0,0.0,63.42658504050232
108,2016-03-16 14:00:00,55.43150277309149,7.132896595537125,108.42714225162774,55.43150277309149,55.43150277309149,3.5861670976445916,3.5861670976445916,3.5861670976445916,3.5861670976445916,3.5861670976445916,3.5861670976445916,0.0,0.0,0.0,59.01766987073608
109,2016-03-16 15:00:00,55.066172171500035,8.882536378830382,110.46383041876064,55.066172171500035,55.066172171500035,3.5848071547386646,3.5848071547386646,3.5848071547386646,3.5848071547386646,3.5848071547386646,3.5848071547386646,0.0,0.0,0.0,58.6509793262387
110,2016-03-16 16:00:00,54.70084156990857,4.663608854572982,110.6564537415294,54.70084156990857,54.70084156990857,4.481654573566726,4.481654573566726,4.481654573566726,4.481654573566726,4.481654573566726,4.481654573566726,0.0,0.0,0.0,59.1824961434753
111,2016-03-16 17:00:00,54.3355109683171,4.199761993533741,110.9193724786546,54.3355109683171,54.3355109683171,3.5281211909752135,3.5281211909752135,3.5281211909752135,3.5281211909752135,3.5281211909752135,3.5281211909752135,0.0,0.0,0.0,57.863632159292315
112,2016-03-16 18:00:00,53.97018036672564,5.374759472344102,106.36102782059858,53.97018036672564,53.97018036672564,1.8008000101047794,1.8008000101047794,1.8008000101047794,1.8008000101047794,1.8008000101047794,1.8008000101047794,0.0,0.0,0.0,55.77098037683042
113,2016-03-16 19:00:00,53.60484977970751,3.7058591800749805,104.733783198059,53.60484977970751,53.60484977970751,3.4888968948622487,3.4888968948622487,3.4888968948622487,3.4888968948622487,3.4888968948622487,3.4888968948622487,0.0,0.0,0.0,57.09374667456976
114,2016-03-16 20:00:00,53.23951919268938,12.09209395747715,115.55457555482919,53.23951919268938,53.23951919268938,11.42775986106887,11.42775986106887,11.42775986106887,11.42775986106887,11.42775986106887,11.42775986106887,0.0,0.0,0.0,64.66727905375825
115,2016-03-16 21:00:00,52.87418860567124,26.217057162415887,127.22048696108372,52.87418860567124,52.87418860567124,23.07938006380571,23.07938006380571,23.07938006380571,23.07938006380571,23.07938006380571,23.07938006380571,0.0,0.0,0.0,75.95356866947695
116,2016-03-16 22:00:00,52.50885801865311,29.927162651950614,137.22061962754873,52.50885801865311,52.50885801865311,31.050487192635245,31.050487192635245,31.050487192635245,31.050487192635245,31.050487192635245,31.050487192635245,0.0,0.0,0.0,83.55934521128836
117,2016-03-16 23:00:00,52.14352743163498,26.751100925384264,130.18999565456608,52.14352743163498,52.14352743163498,28.17879472378726,28.17879472378726,28.17879472378726,28.17879472378726,28.17879472378726,28.17879472378726,0.0,0.0,0.0,80.32232215542224
118,2016-03-17 00:00:00,51.77819684461684,12.950432352558455,115.94258251630698,51.77819684461684,51.77819684461684,12.99833191064154,12.99833191064154,12.99833191064154,12.99833191064154,12.99833191064154,12.99833191064154,0.0,0.0,0.0,64.77652875525838
119,2016-03-17 01:00:00,51.41286625759871,-8.326181052176148,95.01312359475304,51.41286625759871,51.41286625759871,-9.012066617412064,-9.012066617412064,-9.012066617412064,-9.012066617412064,-9.012066617412064,-9.012066617412064,0.0,0.0,0.0,42.40079964018665
120,2016-03-17 02:00:00,51.04753564853723,-29.254863782124357,75.29869831373436,51.04753564853723,51.04753564853723,-29.24903427577307,-29.24903427577307,-29.24903427577307,-29.24903427577307,-29.24903427577307,-29.24903427577307,0.0,0.0,0.0,21.798501372764157
121,2016-03-17 03:00:00,50.68220503947577,-44.57347424609725,59.090512620168525,50.68220503947577,50.68220503947577,-41.40210337446555,-41.40210337446555,-41.40210337446555,-41.40210337446555,-41.40210337446555,-41.40210337446555,0.0,0.0,0.0,9.280101665010221
122,2016-03-17 04:00:00,50.31687443041427,-43.29656780400383,58.91859400297605,50.31687443041427,50.31687443041427,-44.07638677174003,-44.07638677174003,-44.07638677174003,-44.07638677174003,-44.07638677174003,-44.07638677174003,0.0,0.0,0.0,6.24048765867424
123,2016-03-17 06:00:00,49.58621321229132,-32.185357647690296,75.05355118510651,49.58621321229132,49.58621321229132,-29.409036989882527,-29.409036989882527,-29.409036989882527,-29.409036989882527,-29.409036989882527,-29.409036989882527,0.0,0.0,0.0,20.177176222408793
124,2016-03-17 07:00:00,49.22088260322984,-23.765310133471143,83.07522697574373,49.22088260322984,49.22088260322984,-15.782953903982142,-15.782953903982142,-15.782953903982142,-15.782953903982142,-15.782953903982142,-15.782953903982142,0.0,0.0,0.0,33.4379286992477
125,2016-03-17 08:00:00,48.85555199416837,-2.6801768631577465,99.27174290967561,48.85555199416837,48.85555199416837,-0.10755468401694067,-0.10755468401694067,-0.10755468401694067,-0.10755468401694067,-0.10755468401694067,-0.10755468401694067,0.0,0.0,0.0,48.74799731015143
126,2016-03-17 09:00:00,48.49022138510688,10.946058724144143,110.48385941068626,48.49022138510688,48.49022138510688,14.071626116136363,14.071626116136363,14.071626116136363,14.071626116136363,14.071626116136363,14.071626116136363,0.0,0.0,0.0,62.56184750124324
127,2016-03-17 10:00:00,48.12489076242011,19.027549375675463,123.21620297468485,48.12489076242011,48.12489076242011,22.2206169666198,22.2206169666198,22.2206169666198,22.2206169666198,22.2206169666198,22.2206169666198,0.0,0.0,0.0,70.34550772903991
128,2016-03-17 11:00:00,47.759560139733324,19.308559048214242,120.33181606409471,47.759560139733324,47.759560139733324,21.93255850633301,21.93255850633301,21.93255850633301,21.93255850633301,21.93255850633301,21.93255850633301,0.0,0.0,0.0,69.69211864606633
129,2016-03-17 12:00:00,47.39422951704655,8.846807384960963,114.36887378579759,47.39422951704655,47.39422951704655,15.27619510999962,15.27619510999962,15.27619510999962,15.27619510999962,15.27619510999962,15.27619510999962,0.0,0.0,0.0,62.67042462704617
130,2016-03-17 13:00:00,47.02889889435978,8.103815628226213,105.63865840200852,47.02889889435978,47.02889889435978,7.629751665793066,7.629751665793066,7.629751665793066,7.629751665793066,7.629751665793066,7.629751665793066,0.0,0.0,0.0,54.65865056015284
131,2016-03-17 14:00:00,46.66356827167299,-2.4163059259401702,101.66244522328742,46.66356827167299,46.66356827167299,3.5861670973638593,3.5861670973638593,3.5861670973638593,3.5861670973638593,3.5861670973638593,3.5861670973638593,0.0,0.0,0.0,50.249735369036856
132,2016-03-17 15:00:00,46.298237648986216,-4.762790106223717,101.6537888932975,46.298237648986216,46.298237648986216,3.5848071546317115,3.5848071546317115,3.5848071546317115,3.5848071546317115,3.5848071546317115,3.5848071546317115,0.0,0.0,0.0,49.88304480361793
133,2016-03-17 16:00:00,45.93290702629943,-7.991967833496587,101.42924583106692,45.93290702629943,45.93290702629943,4.481654573645608,4.481654573645608,4.481654573645608,4.481654573645608,4.481654573645608,4.481654573645608,0.0,0.0,0.0,50.41456159994504
134,2016-03-17 17:00:00,45.56757640361266,-1.2515550467203267,98.5194605078928,45.56757640361266,45.56757640361266,3.5281211908667323,3.5281211908667323,3.5281211908667323,3.5281211908667323,3.5281211908667323,3.5281211908667323,0.0,0.0,0.0,49.0956975944794
135,2016-03-17 18:00:00,45.202245849038576,-4.532304328741922,95.63176173834887,45.202245849038576,45.202245849038576,1.8008000100076338,1.8008000100076338,1.8008000100076338,1.8008000100076338,1.8008000100076338,1.8008000100076338,0.0,0.0,0.0,47.00304585904621
136,2016-03-17 19:00:00,44.836915294464475,-4.677425220344449,90.45133129856582,44.836915294464475,44.836915294464475,3.4888968948979526,3.4888968948979526,3.4888968948979526,3.4888968948979526,3.4888968948979526,3.4888968948979526,0.0,0.0,0.0,48.32581218936243
137,2016-03-17 20:00:00,44.47158473989039,8.188252522509329,108.1158755039167,44.47158473989039,44.47158473989039,11.427759861270484,11.427759861270484,11.427759861270484,11.427759861270484,11.427759861270484,11.427759861270484,0.0,0.0,0.0,55.89934460116088
138,2016-03-17 21:00:00,44.1062541853163,15.149986650733476,116.37317210693456,44.1062541853163,44.1062541853163,23.079380063757707,23.079380063757707,23.079380063757707,23.079380063757707,23.079380063757707,23.079380063757707,0.0,0.0,0.0,67.18563424907401
139,2016-03-17 22:00:00,43.740923630742216,24.151396418062866,125.11197233422233,43.740923630742216,43.740923630742216,31.050487192438347,31.050487192438347,31.050487192438347,31.050487192438347,31.050487192438347,31.050487192438347,0.0,0.0,0.0,74.79141082318057
140,2016-03-17 23:00:00,43.37559307616813,18.960578194815554,122.1303523756743,43.37559307616813,43.37559307616813,28.178794723507696,28.178794723507696,28.178794723507696,28.178794723507696,28.178794723507696,28.178794723507696,0.0,0.0,0.0,71.55438779967582
141,2016-03-18 00:00:00,43.01026252159405,4.807556442094472,109.74478987689504,43.01026252159405,43.01026252159405,12.998331910389908,12.998331910389908,12.998331910389908,12.998331910389908,12.998331910389908,12.998331910389908,0.0,0.0,0.0,56.00859443198396
142,2016-03-18 01:00:00,42.644940651664655,-19.042255239352237,85.23722462796479,42.644940651664655,42.644940651664655,-9.012066617859437,-9.012066617859437,-9.012066617859437,-9.012066617859437,-9.012066617859437,-9.012066617859437,0.0,0.0,0.0,33.632874033805216
143,2016-03-18 02:00:00,42.279618781735245,-37.36169822419803,68.03338246656142,42.279618781735245,42.279618781735245,-29.249034275450253,-29.249034275450253,-29.249034275450253,-29.249034275450253,-29.249034275450253,-29.249034275450253,0.0,0.0,0.0,13.030584506284992
144,2016-03-18 04:00:00,41.548975041876446,-49.49756548956891,49.7017194072953,41.548975041876446,41.548975041876446,-44.0763867716899,-44.0763867716899,-44.0763867716899,-44.0763867716899,-44.0763867716899,-44.0763867716899,0.0,0.0,0.0,-2.5274117298134513
145,2016-03-18 06:00:00,40.81833130201763,-40.75524306867694,60.165729264448125,40.81833130201763,40.81833130201763,-29.409036990350174,-29.409036990350174,-29.409036990350174,-29.409036990350174,-29.409036990350174,-29.409036990350174,0.0,0.0,0.0,11.409294311667459
146,2016-03-18 07:00:00,40.45300943208823,-24.865870984089376,78.88135333330894,40.45300943208823,40.45300943208823,-15.782953903859775,-15.782953903859775,-15.782953903859775,-15.782953903859775,-15.782953903859775,-15.782953903859775,0.0,0.0,0.0,24.670055528228453
147,2016-03-18 08:00:00,40.08768756215883,-10.13308826608238,92.97885994295454,40.08768756215883,40.08768756215883,-0.10755468473253975,-0.10755468473253975,-0.10755468473253975,-0.10755468473253975,-0.10755468473253975,-0.10755468473253975,0.0,0.0,0.0,39.980132877426286
148,2016-03-18 09:00:00,39.72236569222943,6.015208097911472,106.93390878934242,39.72236569222943,39.72236569222943,14.071626115361774,14.071626115361774,14.071626115361774,14.071626115361774,14.071626115361774,14.071626115361774,0.0,0.0,0.0,53.793991807591205
149,2016-03-18 10:00:00,39.35704382230001,8.05585348959057,114.50303873616225,39.35704382230001,39.35704382230001,22.220616966126503,22.220616966126503,22.220616966126503,22.220616966126503,22.220616966126503,22.220616966126503,0.0,0.0,0.0,61.57766078842651
150,2016-03-18 11:00:00,38.991741381898635,12.288728612791243,114.8698086971304,38.991741381898635,38.991741381898635,21.932558506389018,21.932558506389018,21.932558506389018,21.932558506389018,21.932558506389018,21.932558506389018,0.0,0.0,0.0,60.92429988828765
151,2016-03-18 12:00:00,38.626438941497256,3.8864844293164795,106.78760777171898,38.626438941497256,38.626438941497256,15.276195110318353,15.276195110318353,15.276195110318353,15.276195110318353,15.276195110318353,15.276195110318353,0.0,0.0,0.0,53.90263405181561
152,2016-03-18 13:00:00,38.2611365010959,-4.033854301850541,98.16001409183164,38.2611365010959,38.2611365010959,7.629751666040736,7.629751666040736,7.629751666040736,7.629751666040736,7.629751666040736,7.629751666040736,0.0,0.0,0.0,45.89088816713664
153,2016-03-18 14:00:00,37.895834060694526,-10.071982705284531,92.42268098682833,37.895834060694526,37.895834060694526,3.5861670974201947,3.5861670974201947,3.5861670974201947,3.5861670974201947,3.5861670974201947,3.5861670974201947,0.0,0.0,0.0,41.48200115811472
154,2016-03-18 15:00:00,37.530531620293154,-12.348330613149843,91.3767732381574,37.530531620293154,37.530531620293154,3.5848071546913745,3.5848071546913745,3.5848071546913745,3.5848071546913745,3.5848071546913745,3.5848071546913745,0.0,0.0,0.0,41.11533877498453
155,2016-03-18 16:00:00,37.16522917989178,-9.802068485518497,92.60360920609695,37.16522917989178,37.16522917989178,4.481654573537468,4.481654573537468,4.481654573537468,4.481654573537468,4.481654573537468,4.481654573537468,0.0,0.0,0.0,41.64688375342925
156,2016-03-18 17:00:00,36.79992673949042,-9.817358342209436,91.77260678866664,36.79992673949042,36.79992673949042,3.5281211907582466,3.5281211907582466,3.5281211907582466,3.5281211907582466,3.5281211907582466,3.5281211907582466,0.0,0.0,0.0,40.328047930248665
157,2016-03-18 18:00:00,36.43464649457356,-11.555995243994891,93.3415928171757,36.43464649457356,36.43464649457356,1.8008000102475648,1.8008000102475648,1.8008000102475648,1.8008000102475648,1.8008000102475648,1.8008000102475648,0.0,0.0,0.0,38.23544650482113
158,2016-03-18 19:00:00,36.069366249656724,-8.864052354278178,91.48019454330185,36.069366249656724,36.069366249656724,3.48889689471343,3.48889689471343,3.48889689471343,3.48889689471343,3.48889689471343,3.48889689471343,0.0,0.0,0.0,39.55826314437015
159,2016-03-18 20:00:00,35.70408600473986,-3.832459296005521,98.96706109649715,35.70408600473986,35.70408600473986,11.427759861370662,11.427759861370662,11.427759861370662,11.427759861370662,11.427759861370662,11.427759861370662,0.0,0.0,0.0,47.13184586611052
160,2016-03-18 21:00:00,35.338805759823,7.44582452421519,110.46648349511139,35.338805759823,35.338805759823,23.07938006401977,23.07938006401977,23.07938006401977,23.07938006401977,23.07938006401977,23.07938006401977,0.0,0.0,0.0,58.41818582384278
161,2016-03-18 22:00:00,34.97352551490616,13.44528753527153,118.16547499411807,34.97352551490616,34.97352551490616,31.05048719257852,31.05048719257852,31.05048719257852,31.05048719257852,31.05048719257852,31.05048719257852,0.0,0.0,0.0,66.02401270748467
162,2016-03-18 23:00:00,34.608245269989304,13.53832192327875,115.90694311485265,34.608245269989304,34.608245269989304,28.17879472339475,28.17879472339475,28.17879472339475,28.17879472339475,28.17879472339475,28.17879472339475,0.0,0.0,0.0,62.787039993384056
163,2016-03-19 00:00:00,34.242965025072465,-1.8163994843990157,95.30267571835996,34.242965025072465,34.242965025072465,12.998331910036848,12.998331910036848,12.998331910036848,12.998331910036848,12.998331910036848,12.998331910036848,0.0,0.0,0.0,47.24129693510931
164,2016-03-19 01:00:00,33.87768478015561,-24.062709428346427,76.40651677833434,33.87768478015561,33.87768478015561,-9.01206661799674,-9.01206661799674,-9.01206661799674,-9.01206661799674,-9.01206661799674,-9.01206661799674,0.0,0.0,0.0,24.86561816215887
165,2016-03-19 02:00:00,33.51241703955534,-47.96669558717013,54.707678222029706,33.51241703955534,33.51241703955534,-29.249034275474095,-29.249034275474095,-29.249034275474095,-29.249034275474095,-29.249034275474095,-29.249034275474095,0.0,0.0,0.0,4.263382764081243
166,2016-03-19 03:00:00,33.14714929895505,-57.41798009554456,41.55019951802433,33.14714929895505,33.14714929895505,-41.40210337462054,-41.40210337462054,-41.40210337462054,-41.40210337462054,-41.40210337462054,-41.40210337462054,0.0,0.0,0.0,-8.254954075665488
167,2016-03-19 04:00:00,32.78188155835476,-61.71691769174244,40.18867791579438,32.78188155835476,32.78188155835476,-44.07638677174119,-44.07638677174119,-44.07638677174119,-44.07638677174119,-44.07638677174119,-44.07638677174119,0.0,0.0,0.0,-11.29450521338643
168,2016-03-19 05:00:00,32.41661381775449,-59.29991440836044,43.18046453443701,32.41661381775449,32.41661381775449,-39.29681241958888,-39.29681241958888,-39.29681241958888,-39.29681241958888,-39.29681241958888,-39.29681241958888,0.0,0.0,0.0,-6.880198601834394
169,2016-03-19 06:00:00,32.0513460771542,-50.31755669682343,55.274435809125166,32.0513460771542,32.0513460771542,-29.409036990069854,-29.409036990069854,-29.409036990069854,-29.409036990069854,-29.409036990069854,-29.409036990069854,0.0,0.0,0.0,2.642309087084346
170,2016-03-19 07:00:00,31.686078336553923,-36.89695085382504,68.581517939643,31.686078336553923,31.686078336553923,-15.782953903570787,-15.782953903570787,-15.782953903570787,-15.782953903570787,-15.782953903570787,-15.782953903570787,0.0,0.0,0.0,15.903124432983136
171,2016-03-19 08:00:00,31.320810595953613,-17.076418903806957,78.1872836151567,31.320810595953613,31.320810595953613,-0.10755468439898709,-0.10755468439898709,-0.10755468439898709,-0.10755468439898709,-0.10755468439898709,-0.10755468439898709,0.0,0.0,0.0,31.213255911554626
172,2016-03-19 09:00:00,30.95554336489272,-7.2316131892038165,91.6313091703777,30.95554336489272,30.95554336489272,14.071626115789066,14.071626115789066,14.071626115789066,14.071626115789066,14.071626115789066,14.071626115789066,0.0,0.0,0.0,45.027169480681785
173,2016-03-19 10:00:00,30.590276133831825,-0.3027895600374374,103.07106082457861,30.590276133831825,30.590276133831825,22.2206169664448,22.2206169664448,22.2206169664448,22.2206169664448,22.2206169664448,22.2206169664448,0.0,0.0,0.0,52.81089310027663
174,2016-03-19 11:00:00,30.225008902770917,-1.81592761810961,105.63792626588122,30.225008902770917,30.225008902770917,21.932558506386872,21.932558506386872,21.932558506386872,21.932558506386872,21.932558506386872,21.932558506386872,0.0,0.0,0.0,52.15756740915779
175,2016-03-19 12:00:00,29.85974167171001,-6.708757231532395,98.0811692018275,29.85974167171001,29.85974167171001,15.276195110210088,15.276195110210088,15.276195110210088,15.276195110210088,15.276195110210088,15.276195110210088,0.0,0.0,0.0,45.1359367819201
176,2016-03-19 13:00:00,29.494474440649103,-13.171666468846675,91.18554343880179,29.494474440649103,29.494474440649103,7.629751666014423,7.629751666014423,7.629751666014423,7.629751666014423,7.629751666014423,7.629751666014423,0.0,0.0,0.0,37.12422610666353
177,2016-03-19 14:00:00,29.12920720958821,-20.755200550960136,84.22654187514921,29.12920720958821,29.12920720958821,3.5861670974868143,3.5861670974868143,3.5861670974868143,3.5861670974868143,3.5861670974868143,3.5861670974868143,0.0,0.0,0.0,32.715374307075024
178,2016-03-19 15:00:00,28.763939978527304,-18.00698050834497,83.41456646951944,28.763939978527304,28.763939978527304,3.5848071546484195,3.5848071546484195,3.5848071546484195,3.5848071546484195,3.5848071546484195,3.5848071546484195,0.0,0.0,0.0,32.34874713317572
179,2016-03-19 16:00:00,28.398672747466406,-16.394231435886635,86.5923790032359,28.398672747466406,28.398672747466406,4.481654573616354,4.481654573616354,4.481654573616354,4.481654573616354,4.481654573616354,4.481654573616354,0.0,0.0,0.0,32.88032732108276
180,2016-03-19 17:00:00,28.033405517264104,-19.007846954004986,84.21407142747252,28.033405517264104,28.033405517264104,3.5281211908321186,3.5281211908321186,3.5281211908321186,3.5281211908321186,3.5281211908321186,3.5281211908321186,0.0,0.0,0.0,31.561526708096224
181,2016-03-19 18:00:00,27.66813828706179,-19.069848297613923,78.16249962573542,27.66813828706179,27.66813828706179,1.800800009941202,1.800800009941202,1.800800009941202,1.800800009941202,1.800800009941202,1.800800009941202,0.0,0.0,0.0,29.468938297002992
182,2016-03-19 19:00:00,27.302871056859477,-19.72191446377448,81.64486146330869,27.302871056859477,27.302871056859477,3.488896894749132,3.488896894749132,3.488896894749132,3.488896894749132,3.488896894749132,3.488896894749132,0.0,0.0,0.0,30.79176795160861
183,2016-03-19 20:00:00,26.93760382665716,-12.910482312129464,86.91679551406818,26.93760382665716,26.93760382665716,11.427759861572282,11.427759861572282,11.427759861572282,11.427759861572282,11.427759861572282,11.427759861572282,0.0,0.0,0.0,38.36536368822944
184,2016-03-19 21:00:00,26.572336596454857,-1.653069303760178,102.45367527089958,26.572336596454857,26.572336596454857,23.07938006388963,23.07938006388963,23.07938006388963,23.07938006388963,23.07938006388963,23.07938006388963,0.0,0.0,0.0,49.65171666034449
185,2016-03-19 22:00:00,26.207069366252554,3.2458593848737665,108.56498745742562,26.207069366252554,26.207069366252554,31.050487192445168,31.050487192445168,31.050487192445168,31.050487192445168,31.050487192445168,31.050487192445168,0.0,0.0,0.0,57.25755655869772
186,2016-03-19 23:00:00,25.84180213605024,2.991324025837834,106.43088529475496,25.84180213605024,25.84180213605024,28.17879472311519,28.17879472311519,28.17879472311519,28.17879472311519,28.17879472311519,28.17879472311519,0.0,0.0,0.0,54.02059685916543
187,2016-03-20 00:00:00,25.47653490398222,-11.829630838784022,89.55261047813522,25.47653490398222,25.47653490398222,12.998331910818525,12.998331910818525,12.998331910818525,12.998331910818525,12.998331910818525,12.998331910818525,0.0,0.0,0.0,38.47486681480075
188,2016-03-20 01:00:00,25.111267671914185,-35.4815756636503,67.02231301437985,25.111267671914185,25.111267671914185,-9.012066617424585,-9.012066617424585,-9.012066617424585,-9.012066617424585,-9.012066617424585,-9.012066617424585,0.0,0.0,0.0,16.099201054489598
189,2016-03-20 02:00:00,24.746000439846153,-54.73481896048993,49.87271487936108,24.746000439846153,24.746000439846153,-29.249034275835022,-29.249034275835022,-29.249034275835022,-29.249034275835022,-29.249034275835022,-29.249034275835022,0.0,0.0,0.0,-4.5030338359888695
190,2016-03-20 03:00:00,24.380733207778132,-63.35139762016299,35.70224924398535,24.380733207778132,24.380733207778132,-41.40210337478135,-41.40210337478135,-41.40210337478135,-41.40210337478135,-41.40210337478135,-41.40210337478135,0.0,0.0,0.0,-17.021370167003216
191,2016-03-20 05:00:00,23.650198743642076,-68.6622178737883,32.46735502838549,23.650198743642076,23.650198743642076,-39.29681241969607,-39.29681241969607,-39.29681241969607,-39.29681241969607,-39.29681241969607,-39.29681241969607,0.0,0.0,0.0,-15.646613676053992
192,2016-03-20 06:00:00,23.284931511574033,-56.0301151804231,43.05003448559767,23.284931511574033,23.284931511574033,-29.409036990126605,-29.409036990126605,-29.409036990126605,-29.409036990126605,-29.409036990126605,-29.409036990126605,0.0,0.0,0.0,-6.124105478552572
193,2016-03-20 07:00:00,22.919664279506012,-44.34432773517933,57.034466219543724,22.919664279506012,22.919664279506012,-15.782953903448421,-15.782953903448421,-15.782953903448421,-15.782953903448421,-15.782953903448421,-15.782953903448421,0.0,0.0,0.0,7.136710376057591
194,2016-03-20 08:00:00,22.55439704743799,-29.526650272540444,75.27778162073301,22.55439704743799,22.55439704743799,-0.10755468416686839,-0.10755468416686839,-0.10755468416686839,-0.10755468416686839,-0.10755468416686839,-0.10755468416686839,0.0,0.0,0.0,22.446842363271124
195,2016-03-20 09:00:00,22.18912981536996,-14.661357092783032,86.50120094359454,22.18912981536996,22.18912981536996,14.07162611590629,14.07162611590629,14.07162611590629,14.07162611590629,14.07162611590629,14.07162611590629,0.0,0.0,0.0,36.26075593127625
196,2016-03-20 10:00:00,21.823862583301924,-7.228713586008772,99.42330255338565,21.823862583301924,21.823862583301924,22.220616966426032,22.220616966426032,22.220616966426032,22.220616966426032,22.220616966426032,22.220616966426032,0.0,0.0,0.0,44.04447954972795
197,2016-03-20 11:00:00,21.458595351233893,-9.84505290135512,96.24560976935179,21.458595351233893,21.458595351233893,21.932558506442888,21.932558506442888,21.932558506442888,21.932558506442888,21.932558506442888,21.932558506442888,0.0,0.0,0.0,43.391153857676784
198,2016-03-20 12:00:00,21.09332811916587,-11.376308157952224,88.22155452497704,21.09332811916587,21.09332811916587,15.276195110000396,15.276195110000396,15.276195110000396,15.276195110000396,15.276195110000396,15.276195110000396,0.0,0.0,0.0,36.36952322916627
199,2016-03-20 13:00:00,20.72806088709784,-25.586182835555505,80.13186029679517,20.72806088709784,20.72806088709784,7.629751665678041,7.629751665678041,7.629751665678041,7.629751665678041,7.629751665678041,7.629751665678041,0.0,0.0,0.0,28.357812552775883
200,2016-03-20 14:00:00,20.362793655029805,-27.40241987811852,73.65744708350717,20.362793655029805,20.362793655029805,3.586167097543156,3.586167097543156,3.586167097543156,3.586167097543156,3.586167097543156,3.586167097543156,0.0,0.0,0.0,23.94896075257296
201,2016-03-20 15:00:00,19.997526422961784,-29.2200495225448,73.13515290834454,19.997526422961784,19.997526422961784,3.584807154708081,3.584807154708081,3.584807154708081,3.584807154708081,3.584807154708081,3.584807154708081,0.0,0.0,0.0,23.582333577669864
202,2016-03-20 16:00:00,19.632259190893752,-24.112103862958527,73.54398827438918,19.632259190893752,19.632259190893752,4.481654573593805,4.481654573593805,4.481654573593805,4.481654573593805,4.481654573593805,4.481654573593805,0.0,0.0,0.0,24.113913764487556
203,2016-03-20 17:00:00,19.26699195882572,-29.544274646516186,73.89166500555005,19.26699195882572,19.26699195882572,3.5281211907236294,3.5281211907236294,3.5281211907236294,3.5281211907236294,3.5281211907236294,3.5281211907236294,0.0,0.0,0.0,22.79511314954935
204,2016-03-20 18:00:00,18.9017247267577,-31.232296080201685,70.15415429784446,18.9017247267577,18.9017247267577,1.8008000098440635,1.8008000098440635,1.8008000098440635,1.8008000098440635,1.8008000098440635,1.8008000098440635,0.0,0.0,0.0,20.702524736601763
205,2016-03-20 19:00:00,18.536457494689664,-27.823471756691028,72.6546616136098,18.536457494689664,18.536457494689664,3.4888968949514587,3.4888968949514587,3.4888968949514587,3.4888968949514587,3.4888968949514587,3.4888968949514587,0.0,0.0,0.0,22.025354389641123
206,2016-03-20 20:00:00,18.171190262621632,-22.55840305918497,79.00805058402288,18.171190262621632,18.171190262621632,11.427759861151847,11.427759861151847,11.427759861151847,11.427759861151847,11.427759861151847,11.427759861151847,0.0,0.0,0.0,29.598950123773477
207,2016-03-20 21:00:00,17.8059230305536,-13.021807359589758,92.23855712826588,17.8059230305536,17.8059230305536,23.079380063841636,23.079380063841636,23.079380063841636,23.079380063841636,23.079380063841636,23.079380063841636,0.0,0.0,0.0,40.88530309439524
208,2016-03-20 22:00:00,17.44065579848558,0.2277007044775061,104.28989166272828,17.44065579848558,17.44065579848558,31.05048719258534,31.05048719258534,31.05048719258534,31.05048719258534,31.05048719258534,31.05048719258534,0.0,0.0,0.0,48.491142991070916
209,2016-03-20 23:00:00,17.07538856641756,-3.1731043223219637,99.67439914010161,17.07538856641756,17.07538856641756,28.178794723650572,28.178794723650572,28.178794723650572,28.178794723650572,28.178794723650572,28.178794723650572,0.0,0.0,0.0,45.25418329006813
210,2016-03-21 00:00:00,16.710121334349513,-21.55199162998229,80.76943875147415,16.710121334349513,16.710121334349513,12.998331910465463,12.998331910465463,12.998331910465463,12.998331910465463,12.998331910465463,12.998331910465463,0.0,0.0,0.0,29.708453244814976
211,2016-03-21 01:00:00,16.34485410228149,-45.130887973746404,57.830237151514865,16.34485410228149,16.34485410228149,-9.012066617871959,-9.012066617871959,-9.012066617871959,-9.012066617871959,-9.012066617871959,-9.012066617871959,0.0,0.0,0.0,7.332787484409533
212,2016-03-21 02:00:00,15.97958687021346,-64.1081910685169,39.78915996086649,15.97958687021346,15.97958687021346,-29.24903427517511,-29.24903427517511,-29.24903427517511,-29.24903427517511,-29.24903427517511,-29.24903427517511,0.0,0.0,0.0,-13.26944740496165
213,2016-03-21 03:00:00,15.614319638145437,-79.91114382879131,26.71604827214613,15.614319638145437,15.614319638145437,-41.40210337449713,-41.40210337449713,-41.40210337449713,-41.40210337449713,-41.40210337449713,-41.40210337449713,0.0,0.0,0.0,-25.78778373635169
214,2016-03-21 04:00:00,15.249052406077405,-81.60648662057746,23.341646711953388,15.249052406077405,15.249052406077405,-44.07638677175016,-44.07638677175016,-44.07638677175016,-44.07638677175016,-44.07638677175016,-44.07638677175016,0.0,0.0,0.0,-28.827334365672755
215,2016-03-21 05:00:00,14.883785174009374,-74.91552413523783,28.63638981737108,14.883785174009374,14.883785174009374,-39.29681241968504,-39.29681241968504,-39.29681241968504,-39.29681241968504,-39.29681241968504,-39.29681241968504,0.0,0.0,0.0,-24.413027245675664
216,2016-03-21 06:00:00,14.51851794194135,-62.81975587391674,36.51760533305814,14.51851794194135,14.51851794194135,-29.40903699025718,-29.40903699025718,-29.40903699025718,-29.40903699025718,-29.40903699025718,-29.40903699025718,0.0,0.0,0.0,-14.89051904831583
217,2016-03-21 07:00:00,14.153250709873308,-53.89257354479759,48.38976156778347,14.153250709873308,14.153250709873308,-15.78295390387176,-15.78295390387176,-15.78295390387176,-15.78295390387176,-15.78295390387176,-15.78295390387176,0.0,0.0,0.0,-1.629703193998452
218,2016-03-21 08:00:00,13.787983477805286,-36.94348941443478,63.67270578613293,13.787983477805286,13.787983477805286,-0.10755468383332087,-0.10755468383332087,-0.10755468383332087,-0.10755468383332087,-0.10755468383332087,-0.10755468383332087,0.0,0.0,0.0,13.680428793971965
219,2016-03-21 09:00:00,13.422716245737265,-28.16902977983775,76.4500290633261,13.422716245737265,13.422716245737265,14.07162611544177,14.07162611544177,14.07162611544177,14.07162611544177,14.07162611544177,14.07162611544177,0.0,0.0,0.0,27.494342361179037
220,2016-03-21 10:00:00,13.057449013669231,-16.977504714146725,85.74120942941617,13.057449013669231,13.057449013669231,22.220616966269798,22.220616966269798,22.220616966269798,22.220616966269798,22.220616966269798,22.220616966269798,0.0,0.0,0.0,35.27806597993903
221,2016-03-21 11:00:00,12.6921817816012,-18.16288553037246,89.24988664736537,12.6921817816012,12.6921817816012,21.932558506332278,21.932558506332278,21.932558506332278,21.932558506332278,21.932558506332278,21.932558506332278,0.0,0.0,0.0,34.62474028793348
222,2016-03-21 12:00:00,12.326914549533168,-21.363656250623105,80.80635952304435,12.326914549533168,12.326914549533168,15.276195109892127,15.276195109892127,15.276195109892127,15.276195109892127,15.276195109892127,15.276195109892127,0.0,0.0,0.0,27.603109659425293
223,2016-03-21 13:00:00,11.961647317465145,-31.409048911674578,71.26701448304676,11.961647317465145,11.961647317465145,7.629751666235777,7.629751666235777,7.629751666235777,7.629751666235777,7.629751666235777,7.629751666235777,0.0,0.0,0.0,19.591398983700923
224,2016-03-21 14:00:00,11.596380085397113,-33.90401185809629,64.44421993334994,11.596380085397113,11.596380085397113,3.5861670975994926,3.5861670975994926,3.5861670975994926,3.5861670975994926,3.5861670975994926,3.5861670975994926,0.0,0.0,0.0,15.182547182996606
225,2016-03-21 15:00:00,11.23111285332908,-30.9195794824555,67.52920412820694,11.23111285332908,11.23111285332908,3.5848071546011218,3.5848071546011218,3.5848071546011218,3.5848071546011218,3.5848071546011218,3.5848071546011218,0.0,0.0,0.0,14.815920007930202
226,2016-03-21 16:00:00,10.865845621261059,-36.58514261489854,73.83538576242552,10.865845621261059,10.865845621261059,4.4816545736726985,4.4816545736726985,4.4816545736726985,4.4816545736726985,4.4816545736726985,4.4816545736726985,0.0,0.0,0.0,15.347500194933758
227,2016-03-21 17:00:00,10.500578389193025,-39.15455984763931,63.421394811803275,10.500578389193025,10.500578389193025,3.528121190925212,3.528121190925212,3.528121190925212,3.528121190925212,3.528121190925212,3.528121190925212,0.0,0.0,0.0,14.028699580118237
228,2016-03-21 18:00:00,10.135311157124994,-41.659340968298906,62.54091843593495,10.135311157124994,10.135311157124994,1.800800010083989,1.800800010083989,1.800800010083989,1.800800010083989,1.800800010083989,1.800800010083989,0.0,0.0,0.0,11.936111167208983
229,2016-03-21 19:00:00,9.770043925056973,-37.63646541426503,62.92065763277092,9.770043925056973,9.770043925056973,3.4888968949871586,3.4888968949871586,3.4888968949871586,3.4888968949871586,3.4888968949871586,3.4888968949871586,0.0,0.0,0.0,13.258940820044131
230,2016-03-21 20:00:00,9.40477669298894,-29.55344575359002,73.6503684090745,9.40477669298894,9.40477669298894,11.427759861353469,11.427759861353469,11.427759861353469,11.427759861353469,11.427759861353469,11.427759861353469,0.0,0.0,0.0,20.832536554342408
231,2016-03-21 21:00:00,9.039509460920918,-16.537691532350166,86.54841526106235,9.039509460920918,9.039509460920918,23.07938006410369,23.07938006410369,23.07938006410369,23.07938006410369,23.07938006410369,23.07938006410369,0.0,0.0,0.0,32.11888952502461
232,2016-03-21 22:00:00,8.674242228852874,-13.193174056255666,93.57823733876893,8.674242228852874,8.674242228852874,31.050487192725512,31.050487192725512,31.050487192725512,31.050487192725512,31.050487192725512,31.050487192725512,0.0,0.0,0.0,39.72472942157839
233,2016-03-21 23:00:00,8.308974996784853,-16.290750637495773,87.62032150169506,8.308974996784853,8.308974996784853,28.178794723371013,28.178794723371013,28.178794723371013,28.178794723371013,28.178794723371013,28.178794723371013,0.0,0.0,0.0,36.48776972015587
234,2016-03-22 00:00:00,7.943707764716831,-28.666297537664693,71.42575285412511,7.943707764716831,7.943707764716831,12.99833191021383,12.99833191021383,12.99833191021383,12.99833191021383,12.99833191021383,12.99833191021383,0.0,0.0,0.0,20.942039674930662
235,2016-03-22 01:00:00,7.5784405326487985,-53.55669696615669,51.86067048689488,7.578081812117922,7.5784405326487985,-9.012066618009262,-9.012066618009262,-9.012066618009262,-9.012066618009262,-9.012066618009262,-9.012066618009262,0.0,0.0,0.0,-1.4336260853604639
236,2016-03-22 02:00:00,7.213173300580755,-72.7972099270259,26.259115445255006,7.20372926911911,7.223398960908725,-29.249034275536037,-29.249034275536037,-29.249034275536037,-29.249034275536037,-29.249034275536037,-29.249034275536037,0.0,0.0,0.0,-22.03586097495528
237,2016-03-22 03:00:00,6.847906068512733,-88.01399858883015,16.921746436664243,6.82389381960421,6.875326919573547,-41.40210337465794,-41.40210337465794,-41.40210337465794,-41.40210337465794,-41.40210337465794,-41.40210337465794,0.0,0.0,0.0,-34.554197306145205
238,2016-03-22 04:00:00,6.482638836444712,-93.44453454926389,13.041500495531212,6.437295066188349,6.529589821758256,-44.076386771700015,-44.076386771700015,-44.076386771700015,-44.076386771700015,-44.076386771700015,-44.076386771700015,0.0,0.0,0.0,-37.5937479352553
239,2016-03-22 05:00:00,6.11737160437668,-87.04197693431685,21.458082230658466,6.046607058002009,6.195749814765802,-39.29681241979223,-39.29681241979223,-39.29681241979223,-39.29681241979223,-39.29681241979223,-39.29681241979223,0.0,0.0,0.0,-33.17944081541555
240,2016-03-22 06:00:00,5.752104372308658,-79.14719901393092,26.700352270987384,5.656405569511053,5.858685941897849,-29.40903699031393,-29.40903699031393,-29.40903699031393,-29.40903699031393,-29.40903699031393,-29.40903699031393,0.0,0.0,0.0,-23.65693261800527
241,2016-03-22 07:00:00,5.3868371402406146,-65.32145595751554,41.42402173771788,5.259513971328482,5.526237006230494,-15.782953903749398,-15.782953903749398,-15.782953903749398,-15.782953903749398,-15.782953903749398,-15.782953903749398,0.0,0.0,0.0,-10.396116763508783
242,2016-03-22 08:00:00,5.021569908172593,-44.32012175283812,56.891088648149854,4.862043675634484,5.1887144033174915,-0.10755468454891035,-0.10755468454891035,-0.10755468454891035,-0.10755468454891035,-0.10755468454891035,-0.10755468454891035,0.0,0.0,0.0,4.914015223623682
243,2016-03-22 09:00:00,4.65630267610456,-29.91235555074337,68.22823623472891,4.455279674911724,4.848452459278983,14.071626115558995,14.071626115558995,14.071626115558995,14.071626115558995,14.071626115558995,14.071626115558995,0.0,0.0,0.0,18.727928791663555
244,2016-03-22 10:00:00,4.291035444036538,-24.92072012754114,74.18385320890906,4.055021964487259,4.508783727589782,22.220616966251033,22.220616966251033,22.220616966251033,22.220616966251033,22.220616966251033,22.220616966251033,0.0,0.0,0.0,26.51165241028757
245,2016-03-22 11:00:00,3.9257682119685167,-28.711161526657317,77.18415283649196,3.6420606577052435,4.18008760565832,21.93255850633013,21.93255850633013,21.93255850633013,21.93255850633013,21.93255850633013,21.93255850633013,0.0,0.0,0.0,25.858326718298645
246,2016-03-22 12:00:00,3.5605009799004628,-30.647670865683132,75.82756898042494,3.241213062125588,3.849909016994023,15.276195110210857,15.276195110210857,15.276195110210857,15.276195110210857,15.276195110210857,15.276195110210857,0.0,0.0,0.0,18.83669609011132
247,2016-03-22 13:00:00,3.1952337478324413,-39.17687280517205,62.70312042163853,2.818782430331735,3.537115845487754,7.629751665899397,7.629751665899397,7.629751665899397,7.629751665899397,7.629751665899397,7.629751665899397,0.0,0.0,0.0,10.824985413731838
248,2016-03-22 14:00:00,2.8299665157644194,-44.59231896095154,57.4082269427294,2.4008880345899093,3.2203291061731454,3.5861670976661135,3.5861670976661135,3.5861670976661135,3.5861670976661135,3.5861670976661135,3.5861670976661135,0.0,0.0,0.0,6.416133613430533
249,2016-03-22 15:00:00,2.4646992836963975,-44.27041587166427,57.53090589365879,1.9857551649910143,2.898761107700853,3.584807154724791,3.584807154724791,3.584807154724791,3.584807154724791,3.584807154724791,3.584807154724791,0.0,0.0,0.0,6.049506438421188
250,2016-03-22 16:00:00,2.0994320516283653,-45.46676491300057,55.01530084715099,1.558443338123776,2.5861848465094055,4.481654573564559,4.481654573564559,4.481654573564559,4.481654573564559,4.481654573564559,4.481654573564559,0.0,0.0,0.0,6.581086625192924
251,2016-03-22 17:00:00,1.734164819560322,-48.87940307337654,55.379191071876306,1.141772406368939,2.2923753816866586,3.5281211908167274,3.5281211908167274,3.5281211908167274,3.5281211908167274,3.5281211908167274,3.5281211908167274,0.0,0.0,0.0,5.26228601037705
252,2016-03-22 18:00:00,1.3688975874923002,-49.990992079375985,53.28287173930587,0.7149597146280395,1.993990470726227,1.8008000097776264,1.8008000097776264,1.8008000097776264,1.8008000097776264,1.8008000097776264,1.8008000097776264,0.0,0.0,0.0,3.1696975972699266
253,2016-03-22 19:00:00,1.0036303554242678,-49.799050133243355,57.029927583390815,0.26662006785781356,1.692425549395715,3.488896894802638,3.488896894802638,3.488896894802638,3.488896894802638,3.488896894802638,3.488896894802638,0.0,0.0,0.0,4.492527250226906
254,2016-03-22 20:00:00,0.638363123356246,-36.983929050160135,61.05978365473776,-0.15911826406374172,1.3695511447145439,11.427759861453653,11.427759861453653,11.427759861453653,11.427759861453653,11.427759861453653,11.427759861453653,0.0,0.0,0.0,12.0661229848099
255,2016-03-22 21:00:00,0.27309589128822426,-29.74274875070509,77.82218286567175,-0.5685703624973868,1.067865742047844,23.079380064055684,23.079380064055684,23.079380064055684,23.079380064055684,23.079380064055684,23.079380064055684,0.0,0.0,0.0,23.35247595534391
256,2016-03-22 22:00:00,-0.09217134077981892,-17.80148272699284,82.41150911374733,-0.9894440837060038,0.7480265895274306,31.050487192592165,31.050487192592165,31.050487192592165,31.050487192592165,31.050487192592165,31.050487192592165,0.0,0.0,0.0,30.958315851812348
257,2016-03-22 23:00:00,-0.4574385728478514,-18.623539467743505,80.97083924076927,-1.4173936862352885,0.4394898778537186,28.17879472325807,28.17879472325807,28.17879472325807,28.17879472325807,28.17879472325807,28.17879472325807,0.0,0.0,0.0,27.721356150410216
258,2016-03-23 00:00:00,-0.8227058049158731,-35.13482600646309,63.81237463200933,-1.8530140184482422,0.14981656074234828,12.998331909860772,12.998331909860772,12.998331909860772,12.998331909860772,12.998331909860772,12.998331909860772,0.0,0.0,0.0,12.175626104944898
259,2016-03-23 01:00:00,-1.187973036983895,-62.04965665599264,40.64672901632277,-2.302581621230686,-0.15260617824573025,-9.012066617437108,-9.012066617437108,-9.012066617437108,-9.012066617437108,-9.012066617437108,-9.012066617437108,0.0,0.0,0.0,-10.200039654421003
260,2016-03-23 02:00:00,-1.5532402690519274,-79.07170296302017,17.499675816889635,-2.7230213047581704,-0.4451246223357941,-29.24903427555988,-29.24903427555988,-29.24903427555988,-29.24903427555988,-29.24903427555988,-29.24903427555988,0.0,0.0,0.0,-30.802274544611805
261,2016-03-23 03:00:00,-1.9185075011199597,-94.56716342584812,5.5891088400549345,-3.158936148661724,-0.746473975317061,-41.40210337465212,-41.40210337465212,-41.40210337465212,-41.40210337465212,-41.40210337465212,-41.40210337465212,0.0,0.0,0.0,-43.32061087577208
262,2016-03-23 04:00:00,-2.2837747331879923,-98.94404008903705,5.759386260548891,-3.5995121728216706,-1.050685224128481,-44.07638677175131,-44.07638677175131,-44.07638677175131,-44.07638677175131,-44.07638677175131,-44.07638677175131,0.0,0.0,0.0,-46.3601615049393
263,2016-03-23 05:00:00,-2.649041965256025,-92.76599500236426,9.690901318619456,-4.067491869785572,-1.3418971124682002,-39.29681241958935,-39.29681241958935,-39.29681241958935,-39.29681241958935,-39.29681241958935,-39.29681241958935,0.0,0.0,0.0,-41.945854384845376
264,2016-03-23 06:00:00,-3.0143091973240357,-83.85856077035223,19.48381178178745,-4.510799538267627,-1.6418389906284976,-29.409036990033616,-29.409036990033616,-29.409036990033616,-29.409036990033616,-29.409036990033616,-29.409036990033616,0.0,0.0,0.0,-32.42334618735765
265,2016-03-23 07:00:00,-3.3795764293920683,-70.95380537355379,32.21124059940178,-4.941880806313124,-1.9518922943204955,-15.782953903460413,-15.782953903460413,-15.782953903460413,-15.782953903460413,-15.782953903460413,-15.782953903460413,0.0,0.0,0.0,-19.16253033285248
266,2016-03-23 08:00:00,-3.744843661460122,-54.715984860547444,48.872723278604056,-5.41421087088243,-2.2351947774899896,-0.10755468421536815,-0.10755468421536815,-0.10755468421536815,-0.10755468421536815,-0.10755468421536815,-0.10755468421536815,0.0,0.0,0.0,-3.8523983456754904
267,2016-03-23 09:00:00,-4.110110893528133,-42.439997648448525,57.53153489888783,-5.871628370658573,-2.5130314441603714,14.07162611598629,14.07162611598629,14.07162611598629,14.07162611598629,14.07162611598629,14.07162611598629,0.0,0.0,0.0,9.961515222458157
268,2016-03-23 10:00:00,-4.4753781255961655,-36.74902634501911,68.26867403122537,-6.298194869338151,-2.811437185250475,22.220616966569327,22.220616966569327,22.220616966569327,22.220616966569327,22.220616966569327,22.220616966569327,0.0,0.0,0.0,17.745238840973162
269,2016-03-23 11:00:00,-4.840645357664177,-32.93122226054141,70.22821128093914,-6.7526620825769,-3.089631963720424,21.932558506386144,21.932558506386144,21.932558506386144,21.932558506386144,21.932558506386144,21.932558506386144,0.0,0.0,0.0,17.091913148721968
270,2016-03-23 12:00:00,-5.205912589732209,-41.158355526718076,57.768347148376776,-7.193639867185095,-3.370179061615511,15.27619511010259,15.27619511010259,15.27619511010259,15.27619511010259,15.27619511010259,15.27619511010259,0.0,0.0,0.0,10.07028252037038
271,2016-03-23 13:00:00,-5.571179821800263,-47.16828821748732,57.09709461959313,-7.634048381094012,-3.6544709247933413,7.62975166587308,7.62975166587308,7.62975166587308,7.62975166587308,7.62975166587308,7.62975166587308,0.0,0.0,0.0,2.0585718440728167
272,2016-03-23 14:00:00,-5.9364470538682745,-53.03723617928507,49.4132288255451,-8.083487223262804,-3.9282938187757024,3.5861670977224485,3.5861670977224485,3.5861670977224485,3.5861670977224485,3.5861670977224485,3.5861670977224485,0.0,0.0,0.0,-2.350279956145826
273,2016-03-23 15:00:00,-6.301714285936306,-51.97787125928435,50.14302663647313,-8.515903145206014,-4.187815081531705,3.5848071547844573,3.5848071547844573,3.5848071547844573,3.5848071547844573,3.5848071547844573,3.5848071547844573,0.0,0.0,0.0,-2.716907131151849
274,2016-03-23 16:00:00,-6.666981518004339,-55.1137405647541,45.03791722372841,-8.97352691867635,-4.478820272901917,4.481654573643439,4.481654573643439,4.481654573643439,4.481654573643439,4.481654573643439,4.481654573643439,0.0,0.0,0.0,-2.1853269443608996
275,2016-03-23 17:00:00,-7.03224875007235,-55.812461179789146,47.741040862709966,-9.463640992934197,-4.741962641958481,3.528121190890594,3.528121190890594,3.528121190890594,3.528121190890594,3.528121190890594,3.528121190890594,0.0,0.0,0.0,-3.504127559181756
276,2016-03-23 18:00:00,-7.397515982140404,-55.22319348425457,47.91068487422657,-9.94169308526218,-5.051099846219995,1.8008000100175574,1.8008000100175574,1.8008000100175574,1.8008000100175574,1.8008000100175574,1.8008000100175574,0.0,0.0,0.0,-5.596715972122847
277,2016-03-23 19:00:00,-7.7627832142084365,-56.09042646446278,50.27357724836944,-10.396531253959534,-5.3353293419206,3.4888968948383394,3.4888968948383394,3.4888968948383394,3.4888968948383394,3.4888968948383394,3.4888968948383394,0.0,0.0,0.0,-4.2738863193700976
278,2016-03-23 20:00:00,-8.128050446276447,-47.39449097930832,54.17630228609292,-10.890617585859918,-5.630435889347355,11.427759861134653,11.427759861134653,11.427759861134653,11.427759861134653,11.427759861134653,11.427759861134653,0.0,0.0,0.0,3.2997094148582065
279,2016-03-23 21:00:00,-8.49331767834448,-37.338241446060415,63.39035091820719,-11.397841057007753,-5.884448196571907,23.079380063925555,23.079380063925555,23.079380063925555,23.079380063925555,23.079380063925555,23.079380063925555,0.0,0.0,0.0,14.586062385581075
280,2016-03-23 22:00:00,-8.858584910412512,-33.63235500016714,74.1277893594106,-11.879781347383489,-6.143672040110601,31.050487192732337,31.050487192732337,31.050487192732337,31.050487192732337,31.050487192732337,31.050487192732337,0.0,0.0,0.0,22.191902282319823
281,2016-03-23 23:00:00,-9.223852142480546,-31.134932735418264,74.64927109263758,-12.356036050210212,-6.414864875599303,28.178794723626837,28.178794723626837,28.178794723626837,28.178794723626837,28.178794723626837,28.178794723626837,0.0,0.0,0.0,18.95494258114629
282,2016-03-24 00:00:00,-9.589119374548577,-47.38660880355082,52.5087906679481,-12.80637068205397,-6.675380760972878,12.998331910642447,12.998331910642447,12.998331910642447,12.998331910642447,12.998331910642447,12.998331910642447,0.0,0.0,0.0,3.40921253609387
283,2016-03-24 01:00:00,-9.954386606616588,-66.84128864173331,33.509639719001214,-13.295987926174295,-6.931499105342002,-9.012066617574412,-9.012066617574412,-9.012066617574412,-9.012066617574412,-9.012066617574412,-9.012066617574412,0.0,0.0,0.0,-18.966453224191
284,2016-03-24 02:00:00,-10.319653838684621,-87.19400104653892,16.23536410984672,-13.768430430053353,-7.1989732620756435,-29.249034275237058,-29.249034275237058,-29.249034275237058,-29.249034275237058,-29.249034275237058,-29.249034275237058,0.0,0.0,0.0,-39.56868811392168
285,2016-03-24 03:00:00,-10.684921070752653,-104.6607997974384,-3.6873590912856273,-14.245592873645828,-7.504272539264853,-41.40210337453454,-41.40210337453454,-41.40210337453454,-41.40210337453454,-41.40210337453454,-41.40210337453454,0.0,0.0,0.0,-52.08702444528719
286,2016-03-24 04:00:00,-11.050188302820686,-107.49572536508461,-3.438609890525903,-14.70802929275999,-7.751619732203886,-44.07638677170899,-44.07638677170899,-44.07638677170899,-44.07638677170899,-44.07638677170899,-44.07638677170899,0.0,0.0,0.0,-55.126575074529676
287,2016-03-24 05:00:00,-11.415455534888718,-103.30851696972452,-1.3078685715476173,-15.175878476739918,-7.968107054224247,-39.29681241969653,-39.29681241969653,-39.29681241969653,-39.29681241969653,-39.29681241969653,-39.29681241969653,0.0,0.0,0.0,-50.71226795458524
288,2016-03-24 06:00:00,-11.780722766956751,-91.84196581391672,12.36577787931454,-15.644750995706008,-8.251078701604598,-29.409036990501267,-29.409036990501267,-29.409036990501267,-29.409036990501267,-29.409036990501267,-29.409036990501267,0.0,0.0,0.0,-41.18975975745802
289,2016-03-24 07:00:00,-12.145989999024762,-81.87089315243028,20.448363278100302,-16.070892077643293,-8.506224513544952,-15.782953904050382,-15.782953904050382,-15.782953904050382,-15.782953904050382,-15.782953904050382,-15.782953904050382,0.0,0.0,0.0,-27.928943903075144
290,2016-03-24 08:00:00,-12.511257231092793,-65.03933879705343,38.823211603569035,-16.48942165405888,-8.769146600350899,-0.107554683983245,-0.107554683983245,-0.107554683983245,-0.107554683983245,-0.107554683983245,-0.107554683983245,0.0,0.0,0.0,-12.618811915076039
291,2016-03-24 09:00:00,-12.876524463160827,-48.350014193253436,50.085888324803975,-16.965355081748797,-9.089470817784186,14.07162611610351,14.07162611610351,14.07162611610351,14.07162611610351,14.07162611610351,14.07162611610351,0.0,0.0,0.0,1.1951016529426823
292,2016-03-24 10:00:00,-13.241791695228859,-40.54558613083883,60.79234311702045,-17.43662700854045,-9.347107651519204,22.220616966076026,22.220616966076026,22.220616966076026,22.220616966076026,22.220616966076026,22.220616966076026,0.0,0.0,0.0,8.978825270847167
293,2016-03-24 11:00:00,-13.607058927296892,-41.352741685606645,58.85046149327696,-17.885893347528658,-9.60167688289535,21.932558506275537,21.932558506275537,21.932558506275537,21.932558506275537,21.932558506275537,21.932558506275537,0.0,0.0,0.0,8.325499578978645
294,2016-03-24 12:00:00,-13.972326159364902,-48.286508506629694,49.36005327183215,-18.331700996486575,-9.880455278779513,15.2761951098929,15.2761951098929,15.2761951098929,15.2761951098929,15.2761951098929,15.2761951098929,0.0,0.0,0.0,1.3038689505279972
295,2016-03-24 13:00:00,-14.337593391432936,-59.864752249296984,46.47047435952544,-18.808049589299433,-10.13153579771598,7.629751665536703,7.629751665536703,7.629751665536703,7.629751665536703,7.629751665536703,7.629751665536703,0.0,0.0,0.0,-6.707841725896233
296,2016-03-24 14:00:00,-14.702860623500989,-59.23348176883991,41.28123099329557,-19.3276801724202,-10.394713813847979,3.5861670974417192,3.5861670974417192,3.5861670974417192,3.5861670974417192,3.5861670974417192,3.5861670974417192,0.0,0.0,0.0,-11.116693526059269
297,2016-03-24 15:00:00,-15.068127855569,-59.38959372021551,41.21386372487225,-19.835548975249765,-10.657341666484951,3.5848071546774984,3.5848071546774984,3.5848071546774984,3.5848071546774984,3.5848071546774984,3.5848071546774984,0.0,0.0,0.0,-11.4833207008915
298,2016-03-24 16:00:00,-15.433395087637033,-59.78618341321223,41.544548119431276,-20.352780231357045,-10.916556045125686,4.481654573620895,4.481654573620895,4.481654573620895,4.481654573620895,4.481654573620895,4.481654573620895,0.0,0.0,0.0,-10.951740514016137
299,2016-03-24 17:00:00,-15.798662319705064,-63.99615501858268,40.53392057446381,-20.827224720806594,-11.150861703702054,3.5281211907821106,3.5281211907821106,3.5281211907821106,3.5281211907821106,3.5281211907821106,3.5281211907821106,0.0,0.0,0.0,-12.270541128922954
300,2016-03-24 18:00:00,-16.163929551773077,-66.91823704578243,37.96630235198403,-21.286170168543872,-11.403216476266799,1.800800009920416,1.800800009920416,1.800800009920416,1.800800009920416,1.800800009920416,1.800800009920416,0.0,0.0,0.0,-14.363129541852661
301,2016-03-24 19:00:00,-16.52919678384113,-63.1153513933046,41.037025154661066,-21.75262834808884,-11.682267453995914,3.488896894874045,3.488896894874045,3.488896894874045,3.488896894874045,3.488896894874045,3.488896894874045,0.0,0.0,0.0,-13.040299888967084
302,2016-03-24 20:00:00,-16.89446401590916,-57.426791630012474,44.617935668658156,-22.214482505921392,-11.924313063170162,11.42775986123484,11.42775986123484,11.42775986123484,11.42775986123484,11.42775986123484,11.42775986123484,0.0,0.0,0.0,-5.466704154674321
303,2016-03-24 21:00:00,-17.25973124797717,-47.0708379788452,56.713187245647205,-22.68138084165165,-12.178330990752647,23.079380063877558,23.079380063877558,23.079380063877558,23.079380063877558,23.079380063877558,23.079380063877558,0.0,0.0,0.0,5.819648815900386
304,2016-03-24 22:00:00,-17.624998480045207,-39.232979003970804,69.12964745164898,-23.12257337649419,-12.466653652581504,31.050487192535435,31.050487192535435,31.050487192535435,31.050487192535435,31.050487192535435,31.050487192535435,0.0,0.0,0.0,13.425488712490228
305,2016-03-24 23:00:00,-17.990265712113217,-37.91725877462064,60.12860581779783,-23.58622291654385,-12.759377427527516,28.178794723513892,28.178794723513892,28.178794723513892,28.178794723513892,28.178794723513892,28.178794723513892,0.0,0.0,0.0,10.188529011400675
